,popularity,duration,explicit,danceability,energy,key,loudness,mode,speechiness,acousticness,instrumentalness,liveness,valence,tempo,time_signature,artist_BLACKPINK,artist_BTS,artist_ENHYPEN,artist_ITZY,artist_IU,artist_JEON SOMI,artist_MAMAMOO,artist_Others,artist_Red Velvet,artist_SEVENTEEN,artist_Stray Kids,artist_TOMORROW X TOGETHER,artist_TWICE,artist_aespa,artist_j-hope
0,78,168.227,0,0.826,0.553,1,-10.121,0,0.234,0.163,4.12e-05,0.135,0.4,140.037,4,0,0,0,0,0,0,0,1,0,0,0,0,0,0,0
1,73,169.566,0,0.752,0.642,3,-5.165,0,0.0869,0.0861,0.0,0.0953,0.388,95.043,4,0,0,0,0,0,0,0,1,0,0,0,0,0,0,0
2,73,200.689,0,0.804,0.652,8,-6.282,1,0.0898,0.0267,0.000782,0.118,0.854,150.076,4,0,0,0,0,0,0,0,1,0,0,0,0,0,0,0
3,79,207.481,0,0.566,0.716,1,-5.733,1,0.0424,0.00691,0.0,0.37,0.45,81.068,4,0,1,0,0,0,0,0,0,0,0,0,0,0,0,0
4,85,199.053,0,0.746,0.765,6,-4.41,0,0.0993,0.0112,0.0,0.0936,0.737,114.044,4,0,1,0,0,0,0,0,0,0,0,0,0,0,0,0
5,85,186.964,0,0.794,0.719,0,-7.227,1,0.0761,0.0119,0.0,0.276,0.69,90.016,4,1,0,0,0,0,0,0,0,0,0,0,0,0,0,0
6,82,179.172,1,0.918,0.585,7,-7.781,1,0.0889,0.0627,0.0,0.624,0.519,131.966,4,1,0,0,0,0,0,0,0,0,0,0,0,0,0,0
7,80,162.569,1,0.647,0.723,5,-6.214,1,0.0491,0.00503,0.0,0.176,0.443,105.001,4,1,0,0,0,0,0,0,0,0,0,0,0,0,0,0
8,75,180.956,0,0.813,0.787,11,-4.254,1,0.0777,0.0452,0.000107,0.0506,0.326,130.018,4,1,0,0,0,0,0,0,0,0,0,0,0,0,0,0
9,76,242.333,0,0.557,0.719,2,-4.515,0,0.0371,0.00267,0.0,0.306,0.345,77.502,4,0,1,0,0,0,0,0,0,0,0,0,0,0,0,0
10,87,175.889,0,0.813,0.657,0,-6.447,1,0.0372,0.00269,0.0,0.183,0.651,110.053,3,1,0,0,0,0,0,0,0,0,0,0,0,0,0,0
11,78,228.615,0,0.637,0.799,2,-4.518,1,0.0338,0.394,0.0,0.0921,0.57,104.996,4,0,1,0,0,0,0,0,0,0,0,0,0,0,0,0
12,71,209.355,0,0.671,0.859,4,-3.922,0,0.0833,0.0313,0.0,0.267,0.39,139.931,4,1,0,0,0,0,0,0,0,0,0,0,0,0,0,0
13,84,204.939,0,0.724,0.818,8,-3.747,1,0.168,0.0201,0.0,0.0358,0.696,77.004,4,0,1,0,0,0,0,0,0,0,0,0,0,0,0,0
14,85,193.593,0,0.559,0.885,1,-4.515,1,0.189,0.0432,0.0,0.333,0.683,172.029,4,0,1,0,0,0,0,0,0,0,0,0,0,0,0,0
15,83,186.964,0,0.794,0.719,0,-7.227,1,0.0761,0.0119,0.0,0.276,0.69,90.016,4,1,0,0,0,0,0,0,0,0,0,0,0,0,0,0
16,80,187.585,0,0.702,0.741,9,-5.33,1,0.0427,0.00544,0.0,0.337,0.646,124.925,4,0,1,0,0,0,0,0,0,0,0,0,0,0,0,0
17,83,164.952,0,0.759,0.459,8,-5.187,1,0.0948,0.00323,0.0,0.0788,0.695,109.997,4,0,1,0,0,0,0,0,0,0,0,0,0,0,0,0
18,78,164.441,0,0.759,0.459,8,-5.187,1,0.0948,0.00323,0.0,0.0906,0.695,109.997,4,0,1,0,0,0,0,0,0,0,0,0,0,0,0,0
19,88,176.973,0,0.68,0.922,0,-1.215,1,0.121,0.103,0.0,0.0877,0.799,125.014,4,0,0,0,0,0,0,0,1,0,0,0,0,0,0,0
20,86,177.466,0,0.772,0.907,3,-2.438,0,0.124,0.136,0.0,0.334,0.783,119.973,4,0,0,0,0,0,0,0,0,0,0,0,0,1,0,0
21,74,200.306,0,0.689,0.678,5,-4.287,0,0.119,0.0702,0.0,0.0889,0.335,145.883,4,0,0,0,0,0,0,0,1,0,0,0,0,0,0,0
22,83,168.437,0,0.863,0.62,7,-7.167,1,0.135,0.0508,0.00324,0.129,0.432,103.971,4,0,0,0,0,0,0,0,1,0,0,0,0,0,0,0
23,78,184.248,1,0.693,0.606,7,-5.997,1,0.0308,0.00817,0.0,0.0942,0.447,129.942,4,1,0,0,0,0,0,0,0,0,0,0,0,0,0,0
24,71,199.122,0,0.699,0.588,9,-6.533,0,0.0402,0.00807,0.000131,0.107,0.35,151.971,4,1,0,0,0,0,0,0,0,0,0,0,0,0,0,0
25,73,175.889,0,0.813,0.657,0,-6.447,1,0.0372,0.00269,0.0,0.183,0.651,110.053,3,1,0,0,0,0,0,0,0,0,0,0,0,0,0,0
26,75,217.051,0,0.584,0.885,0,-3.571,0,0.104,0.0244,0.0,0.357,0.605,92.9,4,0,1,0,0,0,0,0,0,0,0,0,0,0,0,0
27,73,192.765,0,0.658,0.732,6,-4.762,1,0.0654,0.00513,0.0,0.13,0.409,127.995,4,1,0,0,0,0,0,0,0,0,0,0,0,0,0,0
28,78,264.48,0,0.633,0.511,2,-5.665,1,0.0368,0.434,0.0,0.248,0.29,116.855,3,0,1,0,0,0,0,0,0,0,0,0,0,0,0,0
29,74,181.373,0,0.659,0.799,1,-2.849,0,0.0629,0.417,0.0,0.0562,0.782,103.991,4,0,0,0,0,0,0,0,1,0,0,0,0,0,0,0
30,76,274.097,0,0.539,0.846,8,-3.192,1,0.0354,0.00631,1.71e-06,0.13,0.462,106.994,4,0,1,0,0,0,0,0,0,0,0,0,0,0,0,0
31,71,189.052,0,0.738,0.861,2,-4.141,1,0.237,0.318,0.00182,0.325,0.58,131.98,4,1,0,0,0,0,0,0,0,0,0,0,0,0,0,0
32,76,180.22,0,0.779,0.762,10,-5.188,0,0.0631,0.0224,0.0,0.121,0.859,110.043,4,0,1,0,0,0,0,0,0,0,0,0,0,0,0,0
33,80,197.586,0,0.765,0.777,5,-4.376,0,0.0399,0.0539,2.58e-06,0.338,0.64,111.944,4,0,0,0,0,0,0,0,0,0,1,0,0,0,0,0
34,77,240.793,0,0.661,0.836,5,-3.164,0,0.059,0.00268,0.0,0.497,0.396,124.952,4,1,0,0,0,0,0,0,0,0,0,0,0,0,0,0
35,75,222.732,0,0.733,0.855,9,-3.211,1,0.118,0.00481,0.0,0.123,0.42,126.035,4,0,1,0,0,0,0,0,0,0,0,0,0,0,0,0
36,77,213.264,0,0.786,0.852,8,-2.687,1,0.0813,0.0687,0.0,0.0759,0.455,125.036,4,1,0,0,0,0,0,0,0,0,0,0,0,0,0,0
37,77,178.923,0,0.732,0.555,1,-7.902,0,0.034,0.00522,4.65e-06,0.0586,0.65,124.011,4,1,0,0,0,0,0,0,0,0,0,0,0,0,0,0
38,78,222.025,0,0.439,0.352,0,-9.632,1,0.057,0.587,0.0,0.14,0.548,181.517,3,1,0,0,0,0,0,0,0,0,0,0,0,0,0,0
39,76,184.677,0,0.564,0.682,6,-6.688,1,0.113,0.0146,0.0,0.123,0.551,107.597,4,1,0,0,0,0,0,0,0,0,0,0,0,0,0,0
40,75,245.62,0,0.583,0.712,2,-4.942,0,0.0326,0.2,0.0,0.268,0.778,94.051,4,0,1,0,0,0,0,0,0,0,0,0,0,0,0,0
41,74,234.177,0,0.633,0.799,7,-4.625,0,0.0427,0.0144,0.0,0.194,0.534,142.991,4,0,1,0,0,0,0,0,0,0,0,0,0,0,0,0
42,72,207.163,0,0.647,0.377,6,-6.003,1,0.0375,0.594,0.0,0.0768,0.653,79.936,4,0,0,0,0,0,0,0,1,0,0,0,0,0,0,0
43,85,177.186,0,0.703,0.709,1,-4.169,0,0.0433,0.00379,5.43e-05,0.333,0.538,117.941,4,0,0,0,0,0,0,0,1,0,0,0,0,0,0,0
44,72,168.085,0,0.311,0.607,1,-6.578,1,0.11,0.0174,0.0,0.131,0.286,188.7,4,0,0,0,0,0,0,0,1,0,0,0,0,0,0,0
45,78,174.84,0,0.874,0.6,6,-6.064,1,0.158,0.00942,0.0,0.126,0.457,100.012,4,0,0,0,0,0,0,0,1,0,0,0,0,0,0,0
46,74,246.38,0,0.583,0.817,9,-5.146,0,0.099,0.118,0.0,0.338,0.437,105.935,4,0,1,0,0,0,0,0,0,0,0,0,0,0,0,0
47,74,198.26,0,0.719,0.757,2,-5.167,0,0.0849,0.137,0.0,0.129,0.489,147.024,4,0,1,0,0,0,0,0,0,0,0,0,0,0,0,0
48,72,199.026,0,0.658,0.749,9,-2.967,0,0.0634,0.238,2.03e-06,0.272,0.442,128.909,4,0,0,0,0,0,0,0,1,0,0,0,0,0,0,0
49,75,197.288,0,0.706,0.756,4,-4.405,0,0.0845,0.0392,0.0,0.18,0.676,97.098,4,1,0,0,0,0,0,0,0,0,0,0,0,0,0,0
50,74,211.631,0,0.818,0.723,11,-4.82,1,0.114,0.00561,0.0,0.0866,0.607,102.945,4,1,0,0,0,0,0,0,0,0,0,0,0,0,0,0
51,75,264.84,0,0.488,0.427,6,-7.383,1,0.0382,0.354,0.0,0.0797,0.157,72.035,4,0,0,0,0,0,0,0,1,0,0,0,0,0,0,0
52,80,182.757,0,0.581,0.8,1,-2.613,1,0.411,0.154,0.0,0.0697,0.709,119.872,5,0,0,0,0,0,0,0,0,0,0,1,0,0,0,0
53,77,172.106,0,0.6,0.713,6,-5.079,0,0.0592,0.0642,0.0,0.142,0.471,72.999,4,0,0,1,0,0,0,0,0,0,0,0,0,0,0,0
54,77,180.022,0,0.783,0.722,2,-4.864,1,0.0357,0.00537,0.00209,0.105,0.306,97.031,4,0,0,0,0,0,0,0,0,0,0,0,0,0,0,1
55,82,191.964,0,0.812,0.89,6,-2.661,0,0.209,0.0961,0.0,0.0222,0.69,100.006,4,0,0,0,0,0,0,0,0,0,0,1,0,0,0,0
56,78,184.601,0,0.738,0.67,7,-3.766,0,0.0439,0.458,0.0,0.361,0.651,138.055,4,0,0,1,0,0,0,0,0,0,0,0,0,0,0,0
57,76,191.462,0,0.759,0.886,1,-3.067,1,0.187,0.0103,2.04e-05,0.342,0.489,102.065,4,0,0,0,1,0,0,0,0,0,0,0,0,0,0,0
58,78,198.053,0,0.808,0.903,9,-2.179,1,0.0729,0.0899,0.0,0.0816,0.922,120.044,4,0,0,0,0,0,0,0,0,0,0,0,0,1,0,0
59,78,191.038,0,0.475,0.695,1,-5.919,1,0.102,0.0159,0.0,0.125,0.552,100.009,4,0,0,0,0,0,0,0,0,0,0,0,1,0,0,0
60,76,181.466,0,0.74,0.848,2,-4.697,1,0.097,0.306,0.0,0.193,0.881,159.991,4,0,0,0,0,0,0,0,0,0,1,0,0,0,0,0
61,73,223.122,0,0.599,0.775,1,-4.018,0,0.0543,0.0217,0.0,0.0678,0.696,129.817,4,0,1,0,0,0,0,0,0,0,0,0,0,0,0,0
62,73,224.225,0,0.579,0.858,8,-5.212,1,0.114,0.125,0.0,0.0502,0.475,174.043,3,0,1,0,0,0,0,0,0,0,0,0,0,0,0,0
63,72,275.695,0,0.531,0.661,1,-5.836,1,0.0907,0.103,0.0,0.0779,0.278,149.934,4,0,1,0,0,0,0,0,0,0,0,0,0,0,0,0
64,76,183.266,0,0.601,0.786,1,-3.706,1,0.234,0.213,0.0,0.209,0.79,172.156,4,0,0,0,0,0,0,0,0,0,0,1,0,0,0,0
65,72,240.361,0,0.508,0.559,2,-6.366,0,0.0276,0.288,0.0,0.131,0.329,135.866,4,0,1,0,0,0,0,0,0,0,0,0,0,0,0,0
66,67,169.797,0,0.689,0.656,8,-4.532,1,0.143,0.0365,0.0,0.136,0.623,162.269,4,1,0,0,0,0,0,0,0,0,0,0,0,0,0,0
67,71,210.986,0,0.478,0.88,5,-3.097,0,0.0739,0.0213,0.0,0.24,0.707,158.356,4,0,1,0,0,0,0,0,0,0,0,0,0,0,0,0
68,71,261.542,0,0.522,0.574,9,-5.225,0,0.0317,0.224,0.0,0.108,0.176,84.044,4,0,1,0,0,0,0,0,0,0,0,0,0,0,0,0
69,75,238.628,0,0.602,0.841,8,-3.334,0,0.109,0.0354,0.0,0.235,0.684,157.937,4,0,1,0,0,0,0,0,0,0,0,0,0,0,0,0
70,72,203.351,0,0.626,0.706,10,-3.201,0,0.0596,0.00225,0.0,0.122,0.534,99.939,4,0,1,0,0,0,0,0,0,0,0,0,0,0,0,0
71,74,219.493,0,0.727,0.937,11,-2.871,0,0.286,0.00417,0.0,0.091,0.749,132.067,4,0,0,0,0,0,0,0,1,0,0,0,0,0,0,0
72,69,199.053,0,0.746,0.765,6,-4.41,0,0.0993,0.0112,0.0,0.0936,0.737,114.044,4,0,1,0,0,0,0,0,0,0,0,0,0,0,0,0
73,75,210.56,0,0.664,0.666,8,-2.203,1,0.0446,0.193,0.0,0.0854,0.405,139.987,4,0,0,0,0,0,0,0,0,1,0,0,0,0,0,0
74,75,208.24,0,0.574,0.909,8,-1.573,1,0.0658,0.0987,0.0,0.264,0.569,169.966,4,0,0,0,0,0,0,0,0,0,0,0,0,1,0,0
75,76,205.493,0,0.657,0.88,10,-3.672,0,0.102,0.121,0.0,0.463,0.769,150.084,4,0,0,0,0,0,0,0,0,0,0,0,0,1,0,0
76,72,215.188,0,0.641,0.489,0,-8.668,0,0.11,0.0509,0.0,0.071,0.206,142.977,4,0,0,0,0,0,0,0,0,0,0,0,1,0,0,0
77,73,276.707,0,0.422,0.578,8,-7.524,1,0.0548,0.443,0.0,0.231,0.227,128.921,4,0,1,0,0,0,0,0,0,0,0,0,0,0,0,0
78,71,214.136,0,0.745,0.739,10,-4.591,1,0.0327,0.405,0.000183,0.127,0.556,99.913,4,0,0,0,0,0,0,0,1,0,0,0,0,0,0,0
79,80,174.386,0,0.755,0.87,1,-2.414,0,0.0936,0.00988,0.0,0.0917,0.645,124.032,4,0,0,0,0,0,0,0,1,0,0,0,0,0,0,0
80,67,237.076,0,0.592,0.961,4,-1.807,1,0.096,0.0423,0.0,0.0882,0.508,109.826,4,1,0,0,0,0,0,0,0,0,0,0,0,0,0,0
81,76,167.922,0,0.689,0.771,5,-3.618,1,0.0548,0.00776,0.0,0.521,0.482,157.052,4,0,0,0,0,0,0,0,0,0,0,1,0,0,0,0
82,72,196.776,0,0.612,0.844,5,-4.694,0,0.0757,0.14,0.0,0.289,0.652,134.872,4,0,1,0,0,0,0,0,0,0,0,0,0,0,0,0
83,72,196.505,0,0.613,0.822,1,-3.48,1,0.062,0.0269,0.0,0.0783,0.54,139.936,4,0,1,0,0,0,0,0,0,0,0,0,0,0,0,0
84,71,254.95,0,0.547,0.605,8,-6.755,1,0.0415,0.42,0.0,0.125,0.364,121.953,4,0,1,0,0,0,0,0,0,0,0,0,0,0,0,0
85,72,218.614,0,0.77,0.817,0,-4.092,0,0.0339,0.0265,0.000103,0.084,0.866,139.979,4,0,1,0,0,0,0,0,0,0,0,0,0,0,0,0
86,70,214.62,0,0.499,0.709,10,-6.404,1,0.134,0.296,0.0,0.331,0.314,164.032,4,0,1,0,0,0,0,0,0,0,0,0,0,0,0,0
87,70,226.321,0,0.639,0.706,7,-7.874,1,0.448,0.0104,0.0,0.132,0.259,105.782,4,0,1,0,0,0,0,0,0,0,0,0,0,0,0,0
88,71,231.859,0,0.593,0.945,8,-3.408,1,0.126,0.00174,0.0,0.923,0.674,110.023,4,0,1,0,0,0,0,0,0,0,0,0,0,0,0,0
89,71,217.404,0,0.643,0.667,0,-6.947,0,0.151,0.0432,0.0,0.0904,0.478,145.999,4,0,1,0,0,0,0,0,0,0,0,0,0,0,0,0
90,78,178.453,0,0.709,0.809,2,-3.198,0,0.0541,0.312,0.0,0.0899,0.788,111.01,4,0,0,0,0,0,0,0,0,0,1,0,0,0,0,0
91,75,223.535,0,0.508,0.842,1,-3.992,1,0.0612,0.078,0.0,0.0858,0.44,86.041,4,0,1,0,0,0,0,0,0,0,0,0,0,0,0,0
92,72,250.295,0,0.56,0.547,1,-6.456,1,0.0675,0.0806,0.0,0.11,0.199,157.962,4,0,1,0,0,0,0,0,0,0,0,0,0,0,0,0
93,71,199.338,0,0.55,0.747,1,-5.211,1,0.0407,0.0668,0.0,0.0536,0.649,79.979,4,0,1,0,0,0,0,0,0,0,0,0,0,0,0,0
94,71,192.346,0,0.659,0.718,7,-5.607,0,0.0507,0.202,1.01e-06,0.2,0.297,136.96,4,0,0,0,0,0,0,0,1,0,0,0,0,0,0,0
95,72,234.457,0,0.674,0.641,0,-5.139,0,0.0339,0.149,0.0,0.0925,0.664,99.91,4,0,1,0,0,0,0,0,0,0,0,0,0,0,0,0
96,71,209.648,0,0.806,0.707,7,-4.623,1,0.0307,0.331,0.0,0.294,0.746,118.009,4,0,0,0,0,0,0,0,1,0,0,0,0,0,0,0
97,74,189.906,0,0.707,0.74,11,-4.311,0,0.0509,0.179,0.0,0.612,0.336,127.974,4,0,0,0,0,0,0,0,0,0,0,1,0,0,0,0
98,77,216.12,0,0.626,0.623,6,-5.718,0,0.0653,0.0559,0.0,0.199,0.123,140.209,4,0,0,0,0,0,0,0,0,0,0,1,0,0,0,0
99,79,178.453,0,0.828,0.731,9,-3.033,1,0.111,0.0617,0.0,0.048,0.587,119.978,4,0,0,0,0,0,0,0,1,0,0,0,0,0,0,0
100,74,191.242,0,0.809,0.911,6,-4.41,0,0.0617,0.00795,0.000179,0.181,0.64,122.035,4,0,0,0,1,0,0,0,0,0,0,0,0,0,0,0
101,66,161.945,0,0.805,0.66,4,-5.342,1,0.0582,0.0367,6.4e-05,0.215,0.617,114.954,4,1,0,0,0,0,0,0,0,0,0,0,0,0,0,0
102,71,235.779,0,0.856,0.617,10,-5.308,0,0.084,0.171,0.0,0.0857,0.759,136.081,4,0,1,0,0,0,0,0,0,0,0,0,0,0,0,0
103,67,223.122,0,0.599,0.775,1,-3.997,0,0.0542,0.022,0.0,0.0669,0.703,129.817,4,0,1,0,0,0,0,0,0,0,0,0,0,0,0,0
104,75,193.26,0,0.599,0.869,5,-5.174,0,0.0618,0.000707,0.0,0.0911,0.453,132.889,4,0,0,1,0,0,0,0,0,0,0,0,0,0,0,0
105,75,199.919,0,0.644,0.867,11,-4.18,0,0.0383,0.001,0.0,0.105,0.687,124.997,4,0,0,0,0,0,0,0,0,0,0,0,1,0,0,0
106,66,229.201,0,0.527,0.462,5,-5.504,1,0.0494,0.227,0.0,0.164,0.334,144.573,4,1,0,0,0,0,0,0,0,0,0,0,0,0,0,0
107,78,179.453,0,0.935,0.849,7,-3.047,1,0.0779,0.0192,0.0,0.0223,0.551,119.986,4,0,0,0,1,0,0,0,0,0,0,0,0,0,0,0
108,75,180.36,0,0.621,0.816,11,-5.242,1,0.104,0.0966,0.0,0.134,0.694,163.966,4,0,0,0,0,0,0,0,0,0,1,0,0,0,0,0
109,69,209.157,0,0.36,0.565,7,-4.898,1,0.0608,0.358,0.0,0.0448,0.311,173.281,4,0,0,0,0,0,0,0,1,0,0,0,0,0,0,0
110,77,196.54,0,0.779,0.801,6,-5.564,0,0.0457,0.395,0.0,0.108,0.72,139.998,4,0,0,0,0,0,0,0,1,0,0,0,0,0,0,0
111,73,209.105,0,0.71,0.82,3,-4.362,0,0.0836,0.00962,0.0,0.0871,0.746,112.005,4,0,0,0,0,0,0,0,0,0,0,0,1,0,0,0
112,82,165.746,0,0.556,0.798,7,-3.331,1,0.254,0.0848,0.0,0.33,0.628,131.096,4,0,0,0,0,0,0,0,1,0,0,0,0,0,0,0
113,74,202.203,0,0.584,0.836,0,-4.925,1,0.079,0.0558,0.0,0.0663,0.484,104.973,4,0,0,0,0,0,0,0,0,0,0,0,1,0,0,0
114,75,208.573,0,0.721,0.856,0,-3.117,0,0.301,0.229,0.0,0.0853,0.627,142.068,4,0,0,0,0,0,0,0,0,0,0,1,0,0,0,0
115,74,180.022,0,0.783,0.722,2,-4.864,1,0.0357,0.00537,0.00209,0.105,0.306,97.031,4,0,0,0,0,0,0,0,0,0,0,0,0,0,0,1
116,71,205.373,0,0.634,0.928,1,-1.609,1,0.0514,0.00719,2.55e-06,0.0626,0.738,164.007,4,0,0,0,0,0,0,0,1,0,0,0,0,0,0,0
117,76,213.88,0,0.697,0.874,5,-2.15,0,0.0449,0.0122,0.0,0.627,0.775,132.018,4,0,0,0,0,0,0,0,0,0,0,0,0,1,0,0
118,69,227.583,0,0.416,0.41,10,-6.146,1,0.0292,0.843,0.0,0.107,0.219,110.252,4,0,0,0,0,0,0,0,1,0,0,0,0,0,0,0
119,68,231.642,0,0.545,0.468,7,-6.064,1,0.0247,0.637,0.0,0.128,0.279,76.045,4,0,0,0,0,0,0,0,1,0,0,0,0,0,0,0
120,70,238.861,0,0.461,0.776,6,-4.498,1,0.0565,0.0149,0.0,0.12,0.291,149.985,4,0,1,0,0,0,0,0,0,0,0,0,0,0,0,0
121,67,222.025,0,0.439,0.352,0,-9.632,1,0.057,0.587,0.0,0.14,0.548,181.517,3,1,0,0,0,0,0,0,0,0,0,0,0,0,0,0
122,66,201.081,0,0.628,0.64,6,-4.164,0,0.0491,0.0992,0.0,0.138,0.409,129.815,4,1,0,0,0,0,0,0,0,0,0,0,0,0,0,0
123,74,195.146,0,0.744,0.923,7,-2.797,1,0.0507,0.115,0.0,0.065,0.522,96.005,4,0,0,0,0,0,0,0,0,0,0,1,0,0,0,0
124,73,189.286,0,0.82,0.842,7,-3.853,1,0.272,0.157,0.0,0.112,0.653,107.952,4,0,0,0,0,0,0,0,0,0,0,1,0,0,0,0
125,70,236.748,0,0.554,0.878,11,-3.02,0,0.0513,0.00146,0.0,0.0998,0.55,132.896,4,0,1,0,0,0,0,0,0,0,0,0,0,0,0,0
126,63,171.273,0,0.739,0.474,9,-5.803,1,0.0915,0.0584,2.93e-06,0.128,0.513,96.03,4,0,0,0,0,0,0,0,1,0,0,0,0,0,0,0
127,70,233.265,0,0.589,0.696,11,-7.981,1,0.0725,0.017,0.0,0.0808,0.33,134.953,4,0,1,0,0,0,0,0,0,0,0,0,0,0,0,0
128,73,114.477,0,0.673,0.75,9,-5.831,1,0.0655,0.0155,5.44e-06,0.348,0.708,105.848,4,0,0,0,0,0,0,0,0,0,0,0,0,0,0,1
129,71,230.322,0,0.63,0.432,1,-6.721,1,0.0357,0.551,5.84e-06,0.0962,0.343,87.959,4,1,0,0,0,0,0,0,0,0,0,0,0,0,0,0
130,70,232.966,0,0.813,0.876,1,-2.92,0,0.0922,0.024,0.0,0.287,0.757,98.989,4,0,1,0,0,0,0,0,0,0,0,0,0,0,0,0
131,71,233.16,0,0.65,0.879,9,-2.886,1,0.073,0.00104,0.0,0.0483,0.536,166.895,4,0,1,0,0,0,0,0,0,0,0,0,0,0,0,0
132,70,208.589,0,0.704,0.646,6,-6.658,1,0.0596,0.0104,0.0,0.191,0.64,141.87,4,0,1,0,0,0,0,0,0,0,0,0,0,0,0,0
133,67,236.488,0,0.495,0.974,7,-0.947,0,0.282,0.0349,0.0,0.44,0.763,102.077,4,0,1,0,0,0,0,0,0,0,0,0,0,0,0,0
134,78,189.413,0,0.766,0.651,5,-3.546,0,0.0952,0.211,2.51e-06,0.144,0.488,121.995,4,0,0,0,0,0,0,0,1,0,0,0,0,0,0,0
135,69,239.469,0,0.685,0.713,6,-4.705,0,0.266,0.179,0.0,0.377,0.301,95.092,4,0,1,0,0,0,0,0,0,0,0,0,0,0,0,0
136,72,231.893,0,0.737,0.723,0,-4.165,0,0.0705,0.303,0.0,0.26,0.783,100.939,4,0,1,0,0,0,0,0,0,0,0,0,0,0,0,0
137,73,214.253,0,0.738,0.89,2,-2.275,0,0.0748,0.0895,1.89e-06,0.213,0.75,114.942,4,0,0,0,0,1,0,0,0,0,0,0,0,0,0,0
138,71,211.363,0,0.59,0.294,9,-8.125,1,0.0654,0.854,0.0,0.0873,0.461,87.895,4,0,0,0,0,0,0,0,1,0,0,0,0,0,0,0
139,75,172.936,0,0.39,0.767,11,-3.918,0,0.293,0.0354,4.26e-06,0.0601,0.285,200.263,4,0,0,0,0,0,0,0,1,0,0,0,0,0,0,0
140,66,207.65,0,0.703,0.611,4,-6.376,1,0.0313,0.0705,0.0,0.133,0.527,144.991,4,0,0,0,0,0,1,0,0,0,0,0,0,0,0,0
141,71,221.529,0,0.637,0.876,9,-4.652,1,0.0618,0.0483,0.0,0.0728,0.759,149.93,4,0,1,0,0,0,0,0,0,0,0,0,0,0,0,0
142,68,195.836,0,0.743,0.689,7,-2.846,1,0.0289,0.0198,0.0,0.708,0.504,104.936,4,0,0,0,0,0,0,0,1,0,0,0,0,0,0,0
143,63,147.24,0,0.853,0.748,2,-6.218,1,0.049,0.0177,0.000137,0.0698,0.383,103.045,4,0,0,0,0,0,1,0,0,0,0,0,0,0,0,0
144,74,183.693,0,0.785,0.907,10,-2.657,1,0.0938,0.00122,3.11e-06,0.213,0.685,126.004,4,0,0,0,0,0,0,0,1,0,0,0,0,0,0,0
145,78,240.44,0,0.57,0.974,3,-0.173,0,0.325,0.115,0.000594,0.125,0.65,171.958,4,0,0,0,0,0,0,0,0,0,0,0,0,0,1,0
146,69,227.191,0,0.655,0.756,8,-4.388,1,0.07,0.0298,0.0,0.396,0.469,121.936,4,0,1,0,0,0,0,0,0,0,0,0,0,0,0,0
147,73,185.96,0,0.751,0.87,4,-2.551,0,0.0713,0.00653,0.0,0.077,0.412,103.019,4,0,0,0,0,0,0,0,0,0,0,1,0,0,0,0
148,70,202.313,0,0.787,0.669,5,-4.333,0,0.0428,0.00782,0.0,0.123,0.57,104.994,4,0,1,0,0,0,0,0,0,0,0,0,0,0,0,0
149,67,230.778,0,0.491,0.947,0,-2.252,1,0.306,0.00261,0.0,0.34,0.474,166.236,4,0,1,0,0,0,0,0,0,0,0,0,0,0,0,0
150,64,184.677,0,0.564,0.682,6,-6.688,1,0.113,0.0146,0.0,0.123,0.551,107.597,4,1,0,0,0,0,0,0,0,0,0,0,0,0,0,0
151,74,188.573,0,0.786,0.762,1,-2.508,1,0.0519,0.0524,1.04e-05,0.0971,0.731,90.963,4,0,0,0,0,0,0,0,0,0,0,1,0,0,0,0
152,72,172.373,0,0.846,0.814,6,-4.685,0,0.149,0.0823,0.00094,0.13,0.722,140.055,4,0,0,0,1,0,0,0,0,0,0,0,0,0,0,0
153,68,243.266,0,0.723,0.634,1,-5.415,1,0.0542,0.0892,0.0,0.0787,0.582,129.017,4,0,1,0,0,0,0,0,0,0,0,0,0,0,0,0
154,73,209.666,0,0.645,0.87,1,-3.087,1,0.0465,0.00522,1.12e-06,0.101,0.79,119.973,4,0,0,0,0,0,0,0,0,0,0,1,0,0,0,0
155,77,180.75,0,0.658,0.9,9,-3.479,0,0.264,0.0364,0.0,0.0771,0.526,156.096,4,0,0,1,0,0,0,0,0,0,0,0,0,0,0,0
156,74,198.173,0,0.749,0.862,11,-3.494,0,0.136,0.0513,0.0,0.0944,0.824,97.982,4,0,0,0,0,0,0,0,0,0,0,1,0,0,0,0
157,68,249.215,0,0.502,0.91,7,-2.769,1,0.107,0.04,0.0,0.319,0.588,176.084,4,0,1,0,0,0,0,0,0,0,0,0,0,0,0,0
158,68,240.02,0,0.595,0.89,10,-3.109,0,0.245,0.0486,0.0,0.32,0.62,154.071,4,0,1,0,0,0,0,0,0,0,0,0,0,0,0,0
159,69,251.279,0,0.568,0.793,1,-3.749,1,0.0406,0.189,0.0,0.111,0.45,108.051,4,0,1,0,0,0,0,0,0,0,0,0,0,0,0,0
160,64,203.056,0,0.765,0.77,2,-3.16,1,0.0592,0.167,0.0,0.0854,0.581,103.005,4,0,0,0,0,0,0,0,1,0,0,0,0,0,0,0
161,59,149.213,0,0.85,0.734,2,-6.415,1,0.0491,0.0221,0.000179,0.0728,0.406,103.027,4,0,0,0,0,0,1,0,0,0,0,0,0,0,0,0
162,69,225.012,0,0.72,0.824,10,-5.086,0,0.128,0.0394,0.0,0.0509,0.333,165.996,4,0,1,0,0,0,0,0,0,0,0,0,0,0,0,0
163,74,221.573,0,0.82,0.852,11,-2.567,0,0.166,0.488,5.94e-06,0.0907,0.82,109.036,4,0,0,0,0,0,0,0,0,0,0,0,0,0,1,0
164,67,178.529,0,0.878,0.777,5,-3.702,0,0.163,0.0437,0.0,0.401,0.878,139.989,4,0,0,0,0,0,0,0,0,0,0,1,0,0,0,0
165,67,139.213,0,0.852,0.762,6,-4.448,0,0.0487,0.333,1.66e-06,0.159,0.907,131.958,4,0,0,0,1,0,0,0,0,0,0,0,0,0,0,0
166,63,185.508,0,0.519,0.352,7,-8.332,1,0.0244,0.762,0.0,0.113,0.269,78.943,3,0,0,0,0,0,0,0,1,0,0,0,0,0,0,0
167,67,238.193,0,0.667,0.889,6,-4.851,1,0.0917,0.00912,0.0,0.0816,0.541,169.961,4,0,1,0,0,0,0,0,0,0,0,0,0,0,0,0
168,70,215.752,0,0.541,0.779,6,-5.581,0,0.033,0.00338,0.0,0.177,0.501,94.069,3,0,1,0,0,0,0,0,0,0,0,0,0,0,0,0
169,70,194.4,0,0.788,0.795,5,-3.676,0,0.0948,0.031,0.0,0.0302,0.703,98.004,4,0,0,0,0,0,0,0,0,0,0,1,0,0,0,0
170,68,245.146,0,0.449,0.491,9,-6.433,0,0.029,0.279,0.0,0.0654,0.258,139.923,4,0,1,0,0,0,0,0,0,0,0,0,0,0,0,0
171,68,281.52,0,0.657,0.883,9,-4.294,0,0.0733,0.0238,0.0,0.0481,0.461,129.943,4,0,1,0,0,0,0,0,0,0,0,0,0,0,0,0
172,73,192.092,0,0.746,0.898,3,-2.818,0,0.0725,0.0526,0.0,0.0858,0.879,121.967,4,0,0,0,0,0,0,0,0,0,1,0,0,0,0,0
173,66,174.173,0,0.883,0.845,11,-2.069,1,0.0585,0.0161,0.00157,0.29,0.656,116.004,4,0,0,0,0,0,0,0,1,0,0,0,0,0,0,0
174,67,171.803,0,0.606,0.815,5,-3.818,0,0.232,0.04,0.0,0.119,0.386,88.054,4,0,1,0,0,0,0,0,0,0,0,0,0,0,0,0
175,61,275.695,0,0.531,0.661,1,-5.836,1,0.0907,0.103,0.0,0.0779,0.278,149.934,4,0,1,0,0,0,0,0,0,0,0,0,0,0,0,0
176,79,202.533,0,0.615,0.871,9,-1.248,1,0.0516,0.0427,0.0,0.254,0.297,123.915,4,0,0,0,0,0,0,0,1,0,0,0,0,0,0,0
177,62,198.26,0,0.719,0.757,2,-5.167,0,0.0849,0.137,0.0,0.129,0.489,147.024,4,0,1,0,0,0,0,0,0,0,0,0,0,0,0,0
178,77,240.906,0,0.536,0.296,5,-7.451,1,0.0346,0.892,0.0,0.0873,0.151,122.907,3,0,0,0,0,0,0,0,1,0,0,0,0,0,0,0
179,69,226.212,0,0.367,0.668,2,-4.484,0,0.052,0.336,0.0,0.147,0.384,104.961,4,0,1,0,0,0,0,0,0,0,0,0,0,0,0,0
180,67,185.0,0,0.402,0.731,8,-3.529,1,0.0693,0.508,0.0,0.146,0.631,171.594,4,0,0,0,0,0,0,0,1,0,0,0,0,0,0,0
181,73,204.167,0,0.702,0.692,10,-5.405,1,0.0539,0.0542,0.0,0.0877,0.419,144.896,4,0,0,0,0,0,0,0,0,0,0,0,0,1,0,0
182,65,197.701,0,0.731,0.549,6,-6.749,0,0.0329,0.0157,9.14e-06,0.083,0.45,137.932,4,0,0,0,0,0,1,0,0,0,0,0,0,0,0,0
183,70,177.728,0,0.776,0.911,2,-3.08,0,0.131,0.155,2.59e-06,0.268,0.56,101.027,4,0,0,0,1,0,0,0,0,0,0,0,0,0,0,0
184,71,203.426,0,0.781,0.683,0,-4.258,1,0.0325,0.164,1.53e-06,0.16,0.722,100.005,4,0,0,0,0,0,0,0,0,0,1,0,0,0,0,0
185,72,210.573,0,0.688,0.909,8,-1.992,1,0.0624,0.0474,1.35e-06,0.0674,0.702,97.097,4,0,0,0,0,0,0,0,0,0,0,0,0,1,0,0
186,70,176.546,0,0.71,0.686,0,-4.926,1,0.0713,0.296,0.0,0.492,0.483,96.06,4,0,0,0,0,0,0,0,0,0,1,0,0,0,0,0
187,67,180.0,0,0.722,0.833,6,-3.915,1,0.094,0.0556,0.0,0.195,0.53,93.941,4,0,0,0,0,0,0,0,1,0,0,0,0,0,0,0
188,68,220.177,0,0.69,0.843,1,-2.949,1,0.0534,0.0167,0.0,0.346,0.428,135.01,4,0,0,0,0,0,0,0,1,0,0,0,0,0,0,0
189,74,238.143,0,0.727,0.879,9,-1.167,1,0.129,0.124,1.17e-05,0.244,0.671,146.959,4,0,0,0,0,0,0,0,0,0,0,0,0,0,1,0
190,69,246.334,0,0.707,0.791,5,-4.483,0,0.035,0.179,0.0,0.102,0.674,106.985,4,0,1,0,0,0,0,0,0,0,0,0,0,0,0,0
191,67,222.242,0,0.764,0.526,11,-7.355,1,0.212,0.0484,0.0,0.0718,0.588,114.91,4,0,1,0,0,0,0,0,0,0,0,0,0,0,0,0
192,63,226.321,0,0.639,0.706,7,-7.874,1,0.448,0.0104,0.0,0.132,0.259,105.782,4,0,1,0,0,0,0,0,0,0,0,0,0,0,0,0
193,68,240.339,0,0.511,0.84,11,-2.781,0,0.103,0.00852,0.0,0.346,0.303,87.605,4,0,1,0,0,0,0,0,0,0,0,0,0,0,0,0
194,66,253.303,0,0.437,0.716,5,-4.306,1,0.05,0.39,0.0,0.208,0.307,170.094,4,0,1,0,0,0,0,0,0,0,0,0,0,0,0,0
195,64,240.02,0,0.579,0.896,10,-2.781,0,0.225,0.0272,1.02e-06,0.352,0.678,153.991,4,0,1,0,0,0,0,0,0,0,0,0,0,0,0,0
196,71,195.306,0,0.782,0.731,3,-4.581,0,0.143,0.0376,3.15e-05,0.0956,0.824,138.032,4,0,0,0,0,0,0,1,0,0,0,0,0,0,0,0
197,67,204.8,0,0.582,0.693,6,-5.048,1,0.0465,0.114,0.0,0.13,0.341,125.904,4,0,1,0,0,0,0,0,0,0,0,0,0,0,0,0
198,59,190.5,0,0.65,0.697,0,-9.582,0,0.272,0.13,0.0,0.862,0.551,99.771,4,1,0,0,0,0,0,0,0,0,0,0,0,0,0,0
199,69,232.15,0,0.751,0.719,6,-5.198,0,0.0373,0.142,0.0,0.148,0.437,98.01,4,0,0,0,0,0,0,0,1,0,0,0,0,0,0,0
200,70,230.063,0,0.665,0.687,11,-6.466,0,0.0547,0.155,9.28e-05,0.173,0.651,106.023,4,0,1,0,0,0,0,0,0,0,0,0,0,0,0,0
201,61,196.776,0,0.612,0.844,5,-4.694,0,0.0757,0.14,0.0,0.289,0.652,134.872,4,0,1,0,0,0,0,0,0,0,0,0,0,0,0,0
202,74,144.773,0,0.892,0.808,2,-3.343,1,0.156,0.0335,0.0,0.0363,0.701,137.97,4,0,0,0,0,0,0,0,0,0,0,1,0,0,0,0
203,75,210.253,0,0.412,0.94,1,-2.171,1,0.215,0.0648,0.0,0.358,0.423,157.964,4,0,0,0,0,0,0,0,0,1,0,0,0,0,0,0
204,68,211.223,0,0.551,0.828,5,-5.523,1,0.352,0.214,0.0,0.0571,0.928,139.662,4,0,1,0,0,0,0,0,0,0,0,0,0,0,0,0
205,70,176.56,0,0.519,0.695,0,-4.861,1,0.0812,0.299,0.0,0.43,0.515,95.384,4,0,0,0,0,0,0,0,0,0,1,0,0,0,0,0
206,69,196.67,0,0.692,0.835,6,-4.978,0,0.0628,0.0517,0.0,0.134,0.566,80.017,4,0,0,0,0,0,0,0,1,0,0,0,0,0,0,0
207,63,197.789,0,0.696,0.881,1,-2.082,1,0.104,0.0235,0.0,0.277,0.947,142.019,4,1,0,0,0,0,0,0,0,0,0,0,0,0,0,0
208,69,211.866,0,0.639,0.756,1,-4.42,1,0.0606,0.0055,0.0,0.13,0.531,128.931,4,0,0,0,0,0,0,0,0,0,0,0,1,0,0,0
209,68,195.546,0,0.73,0.784,9,-2.62,1,0.0691,0.191,0.0,0.0956,0.673,99.995,4,0,0,0,0,1,0,0,0,0,0,0,0,0,0,0
210,63,178.923,0,0.732,0.555,1,-7.902,0,0.034,0.00522,4.65e-06,0.0586,0.65,124.011,4,1,0,0,0,0,0,0,0,0,0,0,0,0,0,0
211,71,177.976,0,0.609,0.64,3,-5.61,0,0.0539,0.167,0.0,0.0959,0.442,145.199,4,0,0,0,0,0,0,0,0,0,0,0,1,0,0,0
212,67,227.275,0,0.608,0.47,8,-6.73,1,0.0428,0.226,0.0,0.0963,0.241,81.0,4,0,1,0,0,0,0,0,0,0,0,0,0,0,0,0
213,63,191.225,0,0.765,0.787,1,-3.647,0,0.0445,0.0156,0.0,0.0736,0.381,124.949,4,1,0,0,0,0,0,0,0,0,0,0,0,0,0,0
214,60,232.966,0,0.813,0.876,1,-2.92,0,0.0922,0.024,0.0,0.287,0.757,98.989,4,0,1,0,0,0,0,0,0,0,0,0,0,0,0,0
215,68,192.28,0,0.692,0.881,11,-2.563,0,0.0461,0.0457,4.45e-06,0.146,0.432,103.053,4,0,0,0,0,0,0,0,1,0,0,0,0,0,0,0
216,64,189.546,0,0.683,0.947,8,-1.717,0,0.064,0.00632,7.34e-05,0.123,0.67,100.024,4,0,0,0,0,0,0,0,1,0,0,0,0,0,0,0
217,66,222.066,0,0.438,0.864,2,-5.185,1,0.47,0.0118,1.66e-06,0.431,0.594,167.898,4,0,1,0,0,0,0,0,0,0,0,0,0,0,0,0
218,66,245.14,0,0.738,0.868,1,-3.363,1,0.0702,0.000907,0.000209,0.275,0.377,111.991,4,0,1,0,0,0,0,0,0,0,0,0,0,0,0,0
219,66,196.198,0,0.808,0.903,0,-3.106,1,0.0957,0.0121,0.000248,0.0993,0.473,116.988,4,0,1,0,0,0,0,0,0,0,0,0,0,0,0,0
220,69,239.722,0,0.731,0.845,8,-5.352,1,0.132,0.0132,0.0,0.0782,0.484,101.085,4,0,1,0,0,0,0,0,0,0,0,0,0,0,0,0
221,62,198.866,0,0.74,0.926,9,-3.965,0,0.112,0.0376,0.0,0.582,0.571,106.987,4,1,0,0,0,0,0,0,0,0,0,0,0,0,0,0
222,66,299.706,0,0.558,0.863,4,-3.53,1,0.178,0.17,0.0,0.289,0.388,173.908,4,0,1,0,0,0,0,0,0,0,0,0,0,0,0,0
223,70,201.773,0,0.726,0.829,6,-3.876,0,0.111,0.146,0.0,0.0916,0.95,149.994,4,0,0,0,0,0,0,0,0,0,1,0,0,0,0,0
224,71,168.751,0,0.666,0.639,2,-5.245,0,0.131,0.24,0.0,0.0928,0.505,144.881,4,0,0,0,0,0,0,0,0,0,0,0,1,0,0,0
225,68,199.653,0,0.739,0.841,5,-4.162,1,0.06,0.0312,0.0,0.173,0.562,106.99,4,0,0,0,0,0,0,0,0,0,0,0,0,1,0,0
226,61,242.333,0,0.557,0.719,2,-4.515,0,0.0371,0.00267,0.0,0.306,0.345,77.502,4,0,1,0,0,0,0,0,0,0,0,0,0,0,0,0
227,70,174.933,0,0.52,0.915,2,-2.862,1,0.103,0.0618,0.000946,0.0856,0.5,90.069,4,0,0,0,0,0,0,0,0,0,0,0,0,0,1,0
228,71,183.09,0,0.631,0.649,8,-4.939,0,0.0377,0.17,0.0,0.321,0.459,108.07,4,0,0,1,0,0,0,0,0,0,0,0,0,0,0,0
229,71,194.84,0,0.812,0.807,9,-3.354,1,0.339,0.11,0.0,0.211,0.4,136.979,4,0,0,0,0,0,0,0,0,0,0,1,0,0,0,0
230,68,156.291,0,0.785,0.807,0,-3.877,1,0.178,0.198,0.0,0.326,0.228,96.981,4,0,0,0,0,0,0,0,0,0,0,0,0,0,0,1
231,67,259.821,0,0.384,0.798,9,-6.439,0,0.434,0.115,0.0,0.181,0.146,149.854,4,0,1,0,0,0,0,0,0,0,0,0,0,0,0,0
232,73,194.44,0,0.767,0.809,5,-3.734,0,0.0958,0.0337,0.0,0.0353,0.69,97.958,4,0,0,0,0,0,0,0,0,0,0,1,0,0,0,0
233,62,216.586,0,0.503,0.71,10,-6.382,1,0.085,0.297,0.0,0.329,0.293,81.932,4,0,1,0,0,0,0,0,0,0,0,0,0,0,0,0
234,65,192.596,0,0.716,0.906,2,-3.539,1,0.0719,0.00424,0.0,0.0547,0.763,101.029,4,0,1,0,0,0,0,0,0,0,0,0,0,0,0,0
235,65,265.602,0,0.612,0.993,9,-1.895,1,0.24,0.116,0.0,0.307,0.488,98.004,4,0,1,0,0,0,0,0,0,0,0,0,0,0,0,0
236,72,166.053,0,0.523,0.83,11,-2.089,1,0.167,0.00359,0.0,0.0806,0.812,173.931,4,0,0,0,0,0,0,1,0,0,0,0,0,0,0,0
237,67,221.341,0,0.618,0.76,6,-4.312,1,0.0596,0.0066,0.0,0.127,0.541,150.0,4,0,0,0,0,0,0,0,1,0,0,0,0,0,0,0
238,72,204.973,0,0.599,0.816,11,-3.412,0,0.0556,0.0911,2.17e-06,0.0961,0.399,106.962,4,0,0,0,0,0,0,0,1,0,0,0,0,0,0,0
239,70,195.866,0,0.794,0.762,4,-3.525,0,0.0392,0.0358,1.41e-06,0.191,0.482,109.97,4,0,0,0,0,0,0,0,1,0,0,0,0,0,0,0
240,61,205.192,0,0.41,0.604,10,-3.453,1,0.0331,0.777,0.0,0.312,0.28,128.845,4,0,0,0,0,0,0,0,1,0,0,0,0,0,0,0
241,74,195.053,0,0.75,0.718,2,-2.817,0,0.0468,0.0814,1.75e-05,0.322,0.592,90.027,4,0,0,0,0,0,0,0,0,0,0,0,0,0,1,0
242,72,206.866,0,0.708,0.959,1,-1.338,1,0.0604,0.0296,0.00188,0.107,0.644,128.981,4,0,0,0,0,0,0,0,0,0,0,0,0,1,0,0
243,68,196.998,0,0.775,0.272,1,-9.126,0,0.091,0.56,0.00278,0.112,0.198,103.991,3,0,1,0,0,0,0,0,0,0,0,0,0,0,0,0
244,64,225.171,0,0.406,0.446,9,-4.306,1,0.0335,0.739,0.0,0.194,0.214,138.66,4,0,0,0,0,0,0,0,1,0,0,0,0,0,0,0
245,60,218.614,0,0.77,0.817,0,-4.092,0,0.0339,0.0265,0.000103,0.084,0.866,139.979,4,0,1,0,0,0,0,0,0,0,0,0,0,0,0,0
246,66,197.32,0,0.384,0.868,6,-3.226,0,0.0711,0.0458,5.82e-06,0.0797,0.233,95.027,4,0,0,0,0,0,0,0,1,0,0,0,0,0,0,0
247,67,260.433,0,0.656,0.798,0,-6.608,1,0.103,0.00862,0.0,0.321,0.573,92.031,4,0,1,0,0,0,0,0,0,0,0,0,0,0,0,0
248,71,194.6,0,0.786,0.858,11,-3.74,1,0.0675,0.0487,0.0,0.126,0.649,112.999,4,0,0,0,0,0,0,0,0,0,0,0,0,1,0,0
249,63,218.887,0,0.863,0.854,4,-4.564,0,0.0893,0.0418,0.00152,0.0551,0.784,119.996,4,0,1,0,0,0,0,0,0,0,0,0,0,0,0,0
250,68,165.34,0,0.676,0.742,8,-5.017,1,0.162,0.561,0.0,0.155,0.694,77.071,4,0,0,0,0,0,0,0,0,0,0,0,0,0,0,1
251,64,227.413,0,0.62,0.778,8,-4.622,0,0.0724,0.116,0.0,0.312,0.386,147.012,4,0,1,0,0,0,0,0,0,0,0,0,0,0,0,0
252,69,201.12,0,0.781,0.814,8,-2.437,1,0.1,0.0735,1.92e-05,0.0565,0.546,124.028,4,0,0,0,0,0,0,0,1,0,0,0,0,0,0,0
253,64,211.28,0,0.634,0.858,4,-2.226,0,0.0809,0.101,8.56e-06,0.258,0.637,91.688,4,0,0,0,0,0,0,1,0,0,0,0,0,0,0,0
254,65,238.529,0,0.679,0.927,0,-1.058,1,0.15,0.164,0.0,0.437,0.861,93.989,4,0,1,0,0,0,0,0,0,0,0,0,0,0,0,0
255,69,180.8,0,0.709,0.861,0,-2.905,1,0.0941,0.106,4.73e-05,0.113,0.779,118.089,4,0,0,0,0,0,0,0,0,0,0,0,0,1,0,0
256,63,217.051,0,0.574,0.882,0,-4.08,0,0.121,0.0245,0.0,0.354,0.612,92.994,4,0,1,0,0,0,0,0,0,0,0,0,0,0,0,0
257,74,207.921,0,0.555,0.89,9,-5.349,1,0.132,0.00399,0.0,0.0506,0.581,181.963,4,0,0,0,0,0,0,0,1,0,0,0,0,0,0,0
258,58,223.706,0,0.294,0.342,1,-6.341,1,0.0395,0.469,6.79e-06,0.0958,0.229,135.084,4,0,0,0,0,0,0,0,1,0,0,0,0,0,0,0
259,63,249.215,0,0.502,0.91,7,-2.769,1,0.107,0.04,0.0,0.319,0.588,176.084,4,0,1,0,0,0,0,0,0,0,0,0,0,0,0,0
260,64,144.166,0,0.783,0.809,1,-10.0,0,0.221,0.0588,1e-05,0.515,0.814,140.025,4,1,0,0,0,0,0,0,0,0,0,0,0,0,0,0
261,72,186.946,0,0.666,0.847,10,-2.526,0,0.106,0.102,0.0,0.0702,0.815,149.94,4,0,0,0,0,0,0,0,0,0,0,0,0,1,0,0
262,67,209.392,1,0.613,0.668,8,-6.867,1,0.267,0.245,0.0,0.0735,0.509,96.176,4,0,0,0,0,0,0,0,1,0,0,0,0,0,0,0
263,75,201.894,0,0.781,0.725,4,-3.571,0,0.0452,0.0281,0.0,0.0761,0.765,112.045,4,0,0,0,0,0,0,0,1,0,0,0,0,0,0,0
264,66,176.026,0,0.636,0.702,0,-5.352,0,0.0334,0.0223,0.0,0.293,0.516,135.104,4,0,0,0,0,0,0,0,1,0,0,0,0,0,0,0
265,67,216.063,0,0.566,0.475,0,-5.556,0,0.089,0.148,0.0,0.139,0.335,136.442,4,0,1,0,0,0,0,0,0,0,0,0,0,0,0,0
266,66,208.863,0,0.785,0.744,3,-4.249,0,0.0369,0.0149,0.00666,0.0661,0.833,126.018,4,0,0,0,0,0,0,0,1,0,0,0,0,0,0,0
267,66,229.4,0,0.732,0.795,8,-2.263,1,0.1,0.0632,0.0,0.0569,0.693,100.954,4,0,0,0,0,0,0,0,1,0,0,0,0,0,0,0
268,66,178.177,0,0.714,0.884,11,-2.932,1,0.113,0.00985,0.0,0.439,0.584,145.075,4,0,0,0,0,0,0,0,1,0,0,0,0,0,0,0
269,61,179.172,0,0.917,0.596,7,-7.378,1,0.0914,0.0555,0.0,0.667,0.511,131.96,4,1,0,0,0,0,0,0,0,0,0,0,0,0,0,0
270,69,230.293,0,0.596,0.921,2,-2.372,1,0.258,0.153,0.0,0.0922,0.529,171.96,4,0,0,0,0,0,0,0,1,0,0,0,0,0,0,0
271,60,235.779,0,0.856,0.617,10,-5.308,0,0.084,0.171,0.0,0.0857,0.759,136.081,4,0,1,0,0,0,0,0,0,0,0,0,0,0,0,0
272,68,139.308,0,0.717,0.822,6,-5.249,1,0.0879,0.0652,0.0,0.36,0.764,102.042,4,0,0,0,0,0,0,0,0,0,0,0,0,0,0,1
273,72,187.49,0,0.727,0.863,1,-3.181,1,0.0879,0.0298,0.0,0.334,0.72,94.952,4,0,0,1,0,0,0,0,0,0,0,0,0,0,0,0
274,63,191.03,0,0.556,0.423,4,-4.998,0,0.0274,0.441,0.0,0.0867,0.179,110.086,4,1,0,0,0,0,0,0,0,0,0,0,0,0,0,0
275,63,210.986,0,0.482,0.858,5,-4.169,0,0.069,0.0218,0.0,0.244,0.737,158.075,4,0,1,0,0,0,0,0,0,0,0,0,0,0,0,0
276,67,136.063,0,0.694,0.75,0,-4.16,1,0.0338,0.00421,0.000553,0.0683,0.184,96.654,4,0,0,0,0,0,0,0,0,0,0,0,0,0,0,1
277,66,225.446,0,0.651,0.903,11,-3.117,0,0.129,0.00503,0.0,0.0875,0.658,125.032,4,0,1,0,0,0,0,0,0,0,0,0,0,0,0,0
278,66,226.16,0,0.35,0.498,3,-6.589,1,0.0332,0.023,1.99e-06,0.269,0.34,142.803,4,0,1,0,0,0,0,0,0,0,0,0,0,0,0,0
279,63,242.333,0,0.522,0.714,2,-4.727,0,0.0461,0.00257,0.0,0.304,0.357,154.904,4,0,1,0,0,0,0,0,0,0,0,0,0,0,0,0
280,68,222.68,0,0.424,0.564,9,-4.619,1,0.0563,0.685,0.0,0.292,0.441,173.334,4,0,0,0,0,0,0,0,1,0,0,0,0,0,0,0
281,67,180.22,0,0.779,0.762,10,-5.188,0,0.0631,0.0224,0.0,0.121,0.859,110.043,4,0,1,0,0,0,0,0,0,0,0,0,0,0,0,0
282,69,192.786,0,0.65,0.914,0,-3.106,0,0.0485,0.112,0.0,0.0731,0.725,98.984,4,0,0,0,0,0,0,0,1,0,0,0,0,0,0,0
283,73,205.133,0,0.857,0.7,4,-4.189,0,0.074,0.0411,0.0,0.0334,0.773,93.997,4,0,0,0,0,0,0,0,1,0,0,0,0,0,0,0
284,63,222.066,0,0.438,0.864,2,-5.185,1,0.47,0.0118,1.66e-06,0.431,0.594,167.898,4,0,1,0,0,0,0,0,0,0,0,0,0,0,0,0
285,71,210.817,0,0.714,0.736,2,-3.801,1,0.0457,0.191,0.0,0.0553,0.814,149.985,4,0,0,0,0,0,0,0,0,1,0,0,0,0,0,0
286,60,202.44,0,0.591,0.818,4,-3.532,1,0.073,0.172,0.0,0.126,0.574,108.107,4,0,0,0,0,0,0,0,1,0,0,0,0,0,0,0
287,69,194.426,0,0.839,0.617,7,-4.692,1,0.331,0.241,0.0,0.3,0.821,143.894,4,0,0,0,0,1,0,0,0,0,0,0,0,0,0,0
288,68,210.893,0,0.477,0.85,3,-1.486,0,0.0911,0.00108,0.0,0.0675,0.601,163.845,4,0,0,0,0,0,0,0,1,0,0,0,0,0,0,0
289,65,217.322,0,0.522,0.916,1,-4.766,1,0.0786,0.016,0.0,0.149,0.549,122.046,4,0,0,0,0,0,0,0,1,0,0,0,0,0,0,0
290,61,169.448,0,0.482,0.344,5,-6.002,1,0.0318,0.901,0.0,0.129,0.211,133.499,4,0,0,0,0,0,0,0,1,0,0,0,0,0,0,0
291,67,201.445,0,0.59,0.818,9,-2.988,0,0.0771,0.0584,0.0,0.205,0.664,139.925,4,0,0,0,0,0,0,0,0,0,0,0,1,0,0,0
292,62,240.59,0,0.343,0.499,6,-5.121,1,0.0387,0.665,0.0,0.119,0.104,131.076,4,0,0,0,0,0,0,0,1,0,0,0,0,0,0,0
293,66,230.706,0,0.623,0.8,5,-5.819,1,0.0424,0.0497,0.0,0.0619,0.58,110.979,4,0,0,0,0,0,0,0,0,0,0,0,1,0,0,0
294,58,201.225,0,0.68,0.906,11,-6.195,0,0.0734,0.0341,7.83e-05,0.077,0.68,145.05,4,1,0,0,0,0,0,0,0,0,0,0,0,0,0,0
295,68,211.399,0,0.631,0.762,11,-4.208,1,0.105,0.049,0.0,0.0926,0.668,167.14,4,0,0,0,0,0,0,0,0,0,0,0,1,0,0,0
296,66,229.74,0,0.566,0.842,9,-5.222,0,0.0442,0.00357,0.000253,0.141,0.308,131.05,4,0,1,0,0,0,0,0,0,0,0,0,0,0,0,0
297,63,274.703,0,0.538,0.831,8,-3.735,1,0.0353,0.00708,1.96e-06,0.109,0.461,106.993,4,0,1,0,0,0,0,0,0,0,0,0,0,0,0,0
298,56,165.993,0,0.847,0.551,3,-7.132,0,0.142,0.06,4.37e-06,0.162,0.515,95.036,4,0,0,0,0,0,0,0,1,0,0,0,0,0,0,0
299,74,180.0,0,0.594,0.647,6,-4.347,1,0.0834,0.121,0.0,0.352,0.511,82.321,4,0,0,0,0,0,0,0,1,0,0,0,0,0,0,0
300,59,238.193,0,0.667,0.889,6,-4.851,1,0.0917,0.00912,0.0,0.0816,0.541,169.961,4,0,1,0,0,0,0,0,0,0,0,0,0,0,0,0
301,65,167.333,0,0.711,0.77,10,-4.724,0,0.0826,0.135,8.9e-06,0.18,0.927,139.968,4,0,0,0,0,0,0,0,1,0,0,0,0,0,0,0
302,68,195.813,0,0.769,0.926,6,-1.627,1,0.0788,0.0127,0.0,0.285,0.551,100.034,4,0,0,0,0,0,0,0,1,0,0,0,0,0,0,0
303,64,228.615,0,0.635,0.79,2,-4.897,1,0.0336,0.404,0.0,0.0919,0.577,104.936,4,0,1,0,0,0,0,0,0,0,0,0,0,0,0,0
304,61,290.96,0,0.607,0.636,5,-5.605,1,0.0324,0.179,0.0,0.176,0.421,98.997,4,0,1,0,0,0,0,0,0,0,0,0,0,0,0,0
305,65,225.697,0,0.761,0.761,5,-5.721,0,0.0899,0.242,0.0,0.103,0.484,121.971,4,0,1,0,0,0,0,0,0,0,0,0,0,0,0,0
306,62,208.088,0,0.576,0.698,1,-6.544,1,0.0369,0.00848,0.0,0.367,0.462,81.028,4,0,1,0,0,0,0,0,0,0,0,0,0,0,0,0
307,58,101.635,0,0.734,0.295,11,-8.598,1,0.889,0.636,0.0,0.0741,0.788,199.99,4,0,0,0,0,0,0,0,1,0,0,0,0,0,0,0
308,63,223.441,0,0.595,0.754,1,-4.527,0,0.0554,0.0245,0.0,0.0726,0.672,129.951,4,0,1,0,0,0,0,0,0,0,0,0,0,0,0,0
309,70,175.293,0,0.555,0.945,2,-1.934,1,0.127,0.0453,0.0,0.244,0.389,160.006,4,0,0,0,0,0,0,0,0,0,0,1,0,0,0,0
310,62,231.384,0,0.492,0.931,9,-3.837,0,0.297,0.00244,0.0,0.353,0.444,166.071,4,0,1,0,0,0,0,0,0,0,0,0,0,0,0,0
311,65,323.36,0,0.618,0.766,3,-4.507,1,0.0323,0.117,0.0,0.121,0.448,113.997,4,0,1,0,0,0,0,0,0,0,0,0,0,0,0,0
312,66,199.293,0,0.746,0.765,6,-4.41,0,0.0993,0.0112,0.0,0.0933,0.737,114.044,4,0,1,0,0,0,0,0,0,0,0,0,0,0,0,0
313,67,239.613,0,0.65,0.456,1,-5.742,1,0.0299,0.659,0.0,0.122,0.475,82.063,4,0,0,0,0,0,0,0,0,0,1,0,0,0,0,0
314,62,214.851,0,0.528,0.423,8,-7.381,1,0.0264,0.678,0.00148,0.167,0.249,135.917,4,0,0,0,0,0,0,0,1,0,0,0,0,0,0,0
315,71,193.173,0,0.84,0.656,6,-5.162,0,0.0401,0.0287,4.38e-06,0.0714,0.783,121.99,4,0,0,0,0,0,0,0,1,0,0,0,0,0,0,0
316,63,225.785,0,0.397,0.166,9,-10.678,1,0.0349,0.884,0.0,0.1,0.131,134.708,4,0,0,0,0,0,0,0,1,0,0,0,0,0,0,0
317,69,199.133,0,0.621,0.821,6,-3.662,0,0.0364,0.00548,0.000578,0.142,0.646,120.062,4,0,0,0,0,0,0,0,1,0,0,0,0,0,0,0
318,65,139.971,0,0.477,0.581,8,-8.795,1,0.119,0.523,0.0,0.201,0.282,129.571,4,0,1,0,0,0,0,0,0,0,0,0,0,0,0,0
319,63,195.546,0,0.73,0.784,9,-2.62,1,0.0691,0.191,0.0,0.0956,0.673,99.995,4,0,0,0,0,1,0,0,0,0,0,0,0,0,0,0
320,61,227.275,0,0.608,0.47,8,-6.73,1,0.0428,0.226,0.0,0.0963,0.241,81.0,4,0,1,0,0,0,0,0,0,0,0,0,0,0,0,0
321,66,208.853,0,0.551,0.885,6,-1.489,1,0.124,0.139,0.0,0.114,0.509,172.95,4,0,0,0,0,0,0,0,0,0,0,0,0,1,0,0
322,71,170.805,0,0.604,0.886,4,-3.523,0,0.061,0.0925,0.0,0.596,0.401,127.098,4,0,0,1,0,0,0,0,0,0,0,0,0,0,0,0
323,64,237.54,0,0.661,0.838,0,-4.806,1,0.116,0.00491,0.0,0.287,0.526,91.463,4,0,1,0,0,0,0,0,0,0,0,0,0,0,0,0
324,63,292.853,0,0.608,0.644,5,-5.588,1,0.0314,0.156,0.0,0.124,0.431,99.005,4,0,1,0,0,0,0,0,0,0,0,0,0,0,0,0
325,70,186.76,0,0.668,0.705,9,-5.731,0,0.0356,0.0274,0.0,0.215,0.549,129.984,4,0,0,0,0,0,0,0,0,0,1,0,0,0,0,0
326,64,225.22,0,0.723,0.906,1,-4.777,0,0.281,0.0929,0.0,0.0771,0.393,125.023,4,0,1,0,0,0,0,0,0,0,0,0,0,0,0,0
327,62,222.732,0,0.733,0.855,9,-3.211,1,0.118,0.00481,0.0,0.123,0.42,126.035,4,0,1,0,0,0,0,0,0,0,0,0,0,0,0,0
328,63,223.933,0,0.753,0.95,8,-5.09,0,0.16,0.0104,6.32e-06,0.134,0.868,144.02,4,0,1,0,0,0,0,0,0,0,0,0,0,0,0,0
329,65,244.156,0,0.704,0.96,1,-2.606,0,0.192,0.0808,0.0,0.383,0.751,116.024,4,0,1,0,0,0,0,0,0,0,0,0,0,0,0,0
330,50,194.546,0,0.878,0.723,3,-3.334,0,0.102,0.00227,0.0,0.0516,0.619,126.01,4,0,0,0,0,0,0,0,1,0,0,0,0,0,0,0
331,65,190.422,0,0.749,0.85,0,-4.346,1,0.0468,0.0319,4.81e-05,0.0678,0.672,145.983,4,0,0,0,0,0,0,0,1,0,0,0,0,0,0,0
332,71,191.695,0,0.605,0.805,6,-3.212,1,0.0641,0.313,0.0,0.659,0.738,148.298,4,0,0,0,0,0,0,0,1,0,0,0,0,0,0,0
333,68,199.873,0,0.79,0.853,11,-4.564,0,0.0666,0.00116,4.23e-05,0.329,0.713,125.0,4,0,0,0,1,0,0,0,0,0,0,0,0,0,0,0
334,68,212.986,0,0.708,0.852,2,-4.398,1,0.0851,0.0525,0.00016,0.399,0.396,129.946,4,0,0,0,0,0,0,0,0,0,0,0,0,1,0,0
335,72,195.053,0,0.75,0.718,2,-2.817,0,0.0468,0.0814,1.75e-05,0.322,0.592,90.027,4,0,0,0,0,0,0,0,0,0,0,0,0,0,1,0
336,66,187.573,0,0.843,0.794,8,-3.013,1,0.146,0.0637,0.00023,0.104,0.319,160.005,4,0,0,0,0,0,0,0,0,0,0,0,1,0,0,0
337,71,207.013,0,0.75,0.941,8,-1.759,1,0.0609,0.0111,2.11e-06,0.228,0.867,129.978,4,0,0,0,0,0,0,0,1,0,0,0,0,0,0,0
338,70,178.133,0,0.472,0.8,0,-3.681,1,0.265,0.289,0.0,0.149,0.548,72.203,4,0,0,0,0,0,0,0,0,0,0,0,0,0,1,0
339,73,176.973,0,0.778,0.8,2,-3.529,1,0.227,0.254,0.0,0.139,0.585,137.997,4,0,0,0,0,0,0,0,0,0,0,0,0,1,0,0
340,62,246.817,0,0.577,0.811,9,-5.146,0,0.117,0.111,0.0,0.346,0.456,105.966,4,0,1,0,0,0,0,0,0,0,0,0,0,0,0,0
341,66,207.617,0,0.564,0.979,9,-3.102,1,0.104,0.0091,0.0,0.249,0.505,126.059,4,0,0,0,0,0,0,0,0,0,0,1,0,0,0,0
342,70,198.72,0,0.687,0.866,7,-2.01,1,0.0466,0.0301,0.0,0.0755,0.696,160.066,4,0,0,0,0,0,0,0,0,0,0,1,0,0,0,0
343,64,272.537,0,0.442,0.928,7,-4.096,1,0.207,0.0257,0.0,0.1,0.601,169.847,4,0,1,0,0,0,0,0,0,0,0,0,0,0,0,0
344,68,207.813,0,0.723,0.903,4,-1.262,0,0.033,0.413,0.000377,0.118,0.443,132.006,4,0,0,0,0,0,0,0,0,0,0,0,0,1,0,0
345,65,274.991,0,0.622,0.728,6,-5.111,1,0.286,0.0511,0.0,0.171,0.394,139.994,4,0,1,0,0,0,0,0,0,0,0,0,0,0,0,0
346,62,236.748,0,0.558,0.856,11,-3.815,0,0.0531,0.00153,0.0,0.0979,0.53,132.89,4,0,1,0,0,0,0,0,0,0,0,0,0,0,0,0
347,65,58.871,0,0.607,0.355,5,-14.867,1,0.828,0.948,0.000281,0.706,0.964,125.308,4,0,0,0,0,0,0,0,0,0,0,0,0,0,0,1
348,66,156.364,0,0.465,0.407,5,-7.859,1,0.0819,0.715,0.0,0.0523,0.347,66.802,3,0,0,0,0,0,0,0,0,0,0,0,1,0,0,0
349,62,202.76,0,0.753,0.91,0,-2.591,1,0.0517,0.171,0.0,0.367,0.825,123.983,4,0,0,0,0,0,0,0,1,0,0,0,0,0,0,0
350,62,209.751,0,0.597,0.909,11,-4.5,0,0.16,0.0443,0.0,0.374,0.564,146.87,4,0,1,0,0,0,0,0,0,0,0,0,0,0,0,0
351,59,216.555,0,0.603,0.834,1,-2.339,0,0.0287,0.353,0.0,0.0989,0.555,102.038,4,0,0,0,0,0,0,0,1,0,0,0,0,0,0,0
352,62,240.613,0,0.748,0.868,5,-2.296,0,0.0533,0.0225,4.85e-06,0.367,0.513,124.952,4,1,0,0,0,0,0,0,0,0,0,0,0,0,0,0
353,64,171.023,0,0.486,0.871,9,-4.475,0,0.337,0.0278,0.0,0.313,0.659,85.411,4,0,1,0,0,0,0,0,0,0,0,0,0,0,0,0
354,65,90.539,0,0.512,0.394,9,-10.202,0,0.0263,0.0149,0.901,0.309,0.083,80.522,4,0,0,0,0,0,0,0,0,0,0,0,0,0,0,1
355,65,198.795,0,0.74,0.804,3,-2.187,1,0.0546,0.411,0.0,0.0578,0.791,150.013,4,0,0,0,0,0,0,0,1,0,0,0,0,0,0,0
356,67,228.759,0,0.749,0.961,8,-6.518,0,0.0874,0.00512,0.0,0.175,0.859,116.037,4,0,0,0,0,0,0,0,0,0,0,0,0,0,0,1
357,65,202.44,0,0.591,0.818,4,-3.532,1,0.073,0.172,0.0,0.126,0.574,108.107,4,0,0,0,0,0,0,0,1,0,0,0,0,0,0,0
358,58,264.538,0,0.458,0.384,8,-5.045,1,0.0267,0.734,0.0,0.0985,0.157,148.21,3,0,0,0,0,0,0,0,1,0,0,0,0,0,0,0
359,73,192.026,0,0.753,0.932,6,-2.706,1,0.119,0.0205,4.31e-06,0.0326,0.918,124.006,4,0,0,0,0,0,0,0,1,0,0,0,0,0,0,0
360,61,210.546,0,0.776,0.785,9,-4.085,0,0.058,0.295,0.000807,0.169,0.5,98.036,4,0,0,0,0,0,0,0,1,0,0,0,0,0,0,0
361,59,227.191,0,0.655,0.756,8,-4.388,1,0.07,0.0298,0.0,0.396,0.469,121.936,4,0,1,0,0,0,0,0,0,0,0,0,0,0,0,0
362,66,185.0,0,0.519,0.726,11,-2.874,1,0.0446,0.518,0.0,0.116,0.453,171.97,4,0,0,0,0,0,0,0,1,0,0,0,0,0,0,0
363,71,164.441,0,0.759,0.459,8,-5.187,1,0.0948,0.00323,0.0,0.0906,0.695,109.997,4,0,1,0,0,0,0,0,0,0,0,0,0,0,0,0
364,62,212.419,0,0.844,0.462,1,-5.969,0,0.0421,0.804,0.0,0.0923,0.636,102.94,4,1,0,0,0,0,0,0,0,0,0,0,0,0,0,0
365,66,294.463,0,0.817,0.797,1,-4.395,0,0.0839,0.00533,7.77e-06,0.0551,0.361,119.978,4,0,1,0,0,0,0,0,0,0,0,0,0,0,0,0
366,67,167.797,0,0.722,0.918,8,-2.952,1,0.0607,0.141,0.0,0.409,0.831,100.024,4,0,0,0,0,0,0,0,0,0,1,0,0,0,0,0
367,57,231.555,0,0.467,0.453,8,-8.104,0,0.0405,0.694,0.0,0.111,0.241,135.302,4,0,0,0,0,0,0,0,1,0,0,0,0,0,0,0
368,64,196.018,0,0.616,0.833,3,-3.314,0,0.067,0.315,0.0,0.175,0.595,97.898,4,0,0,0,0,0,0,1,0,0,0,0,0,0,0,0
369,0,194.546,0,0.882,0.736,3,-2.892,0,0.116,0.00222,0.0,0.0515,0.582,125.995,4,0,0,0,0,0,0,0,1,0,0,0,0,0,0,0
370,63,208.201,0,0.704,0.646,6,-6.658,1,0.0596,0.0104,0.0,0.219,0.64,141.87,4,0,1,0,0,0,0,0,0,0,0,0,0,0,0,0
371,68,172.36,0,0.733,0.837,1,-4.537,1,0.0992,0.0671,0.0,0.0939,0.606,76.453,4,0,0,0,0,0,0,0,0,0,1,0,0,0,0,0
372,65,203.731,0,0.741,0.547,9,-5.029,1,0.253,0.427,0.0,0.0931,0.615,87.977,4,0,0,0,0,0,0,0,0,0,1,0,0,0,0,0
373,69,237.68,0,0.702,0.913,11,-2.977,1,0.0374,0.0514,3.72e-06,0.166,0.735,137.981,4,0,0,0,0,0,0,0,0,0,0,0,0,1,0,0
374,62,245.81,0,0.734,0.848,1,-4.433,1,0.102,0.000913,0.000247,0.256,0.37,112.021,4,0,1,0,0,0,0,0,0,0,0,0,0,0,0,0
375,67,199.013,0,0.572,0.964,4,-1.949,0,0.123,0.0503,0.0,0.372,0.519,129.979,4,0,0,0,0,0,0,0,1,0,0,0,0,0,0,0
376,0,219.493,0,0.727,0.937,11,-2.871,0,0.286,0.00417,0.0,0.091,0.749,132.067,4,0,0,0,0,0,0,0,1,0,0,0,0,0,0,0
377,65,198.08,0,0.633,0.775,6,-3.747,1,0.0413,0.348,0.0,0.612,0.486,134.093,4,0,0,0,0,0,0,0,1,0,0,0,0,0,0,0
378,66,209.482,0,0.533,0.292,9,-7.1,1,0.0364,0.914,0.0,0.118,0.472,135.624,4,0,0,0,0,0,0,0,1,0,0,0,0,0,0,0
379,73,213.426,0,0.722,0.676,11,-5.885,0,0.0829,0.000835,1.2e-05,0.321,0.362,129.943,4,0,0,0,0,0,0,0,1,0,0,0,0,0,0,0
380,63,196.998,0,0.775,0.272,1,-9.126,0,0.091,0.56,0.00278,0.112,0.198,103.991,3,0,1,0,0,0,0,0,0,0,0,0,0,0,0,0
381,62,215.88,0,0.717,0.868,7,-3.073,1,0.04,0.438,0.0,0.148,0.552,100.005,4,0,0,0,0,0,0,0,0,1,0,0,0,0,0,0
382,69,203.945,0,0.617,0.57,5,-4.28,0,0.0308,0.0178,5.92e-06,0.55,0.375,107.971,3,0,0,0,0,0,0,0,1,0,0,0,0,0,0,0
383,55,232.653,0,0.679,0.541,7,-5.132,1,0.0332,0.662,0.0,0.338,0.28,111.784,4,0,0,0,0,0,0,0,1,0,0,0,0,0,0,0
384,65,267.15,0,0.619,0.804,10,-3.301,0,0.0424,0.0135,0.0,0.127,0.314,104.978,4,0,1,0,0,0,0,0,0,0,0,0,0,0,0,0
385,59,213.946,0,0.479,0.535,11,-6.676,0,0.03,0.49,0.0,0.0923,0.21,82.024,4,0,0,0,0,0,0,0,1,0,0,0,0,0,0,0
386,54,185.0,0,0.402,0.731,8,-3.529,1,0.0693,0.508,0.0,0.146,0.631,171.594,4,0,0,0,0,0,0,0,1,0,0,0,0,0,0,0
387,63,233.013,0,0.681,0.847,7,-2.462,1,0.0869,0.0306,0.0,0.0808,0.507,167.031,4,0,0,0,0,0,0,0,1,0,0,0,0,0,0,0
388,65,210.013,0,0.683,0.685,7,-5.381,1,0.0425,0.00195,0.0,0.0582,0.381,129.993,4,0,0,0,0,0,0,0,1,0,0,0,0,0,0,0
389,66,229.678,0,0.497,0.431,5,-4.755,0,0.0287,0.66,0.0,0.153,0.167,133.675,4,0,0,0,0,0,0,0,1,0,0,0,0,0,0,0
390,66,192.333,0,0.703,0.941,7,-0.995,0,0.0808,0.131,0.0,0.319,0.758,102.969,4,0,0,0,0,0,0,0,1,0,0,0,0,0,0,0
391,69,217.053,0,0.819,0.674,0,-3.145,1,0.0587,0.0849,0.0,0.0667,0.682,106.032,4,0,0,0,0,1,0,0,0,0,0,0,0,0,0,0
392,61,171.023,0,0.486,0.871,9,-4.475,0,0.337,0.0278,0.0,0.313,0.659,85.411,4,0,1,0,0,0,0,0,0,0,0,0,0,0,0,0
393,61,171.68,0,0.614,0.513,10,-5.442,1,0.0291,0.482,0.0,0.114,0.336,86.005,4,0,0,0,0,0,0,0,1,0,0,0,0,0,0,0
394,64,121.77,0,0.573,0.89,5,-3.53,0,0.214,0.0212,0.0,0.132,0.242,130.251,4,0,1,0,0,0,0,0,0,0,0,0,0,0,0,0
395,67,237.576,0,0.507,0.533,3,-4.396,1,0.0264,0.379,0.0,0.0771,0.429,92.916,4,0,0,0,0,0,0,0,1,0,0,0,0,0,0,0
396,67,227.226,0,0.874,0.787,10,-2.416,0,0.129,0.118,0.0,0.11,0.896,108.007,4,0,0,0,0,0,0,0,1,0,0,0,0,0,0,0
397,77,184.444,0,0.882,0.797,10,-3.299,0,0.0819,0.0821,0.0,0.113,0.824,105.025,4,0,0,0,0,0,0,0,1,0,0,0,0,0,0,0
398,70,194.08,0,0.764,0.802,0,-4.217,1,0.0351,0.102,0.0,0.189,0.323,132.02,4,0,0,0,0,0,0,0,1,0,0,0,0,0,0,0
399,62,225.817,0,0.643,0.735,2,-3.703,1,0.0302,0.0786,0.0,0.101,0.502,111.961,4,0,0,0,0,0,0,0,1,0,0,0,0,0,0,0
400,66,153.706,0,0.616,0.395,0,-3.167,1,0.0607,0.379,0.0,0.0871,0.631,74.422,4,0,0,0,0,0,0,0,1,0,0,0,0,0,0,0
401,64,189.146,0,0.633,0.706,10,-5.137,0,0.0627,0.000588,0.0794,0.245,0.399,128.185,4,0,0,0,0,0,0,0,1,0,0,0,0,0,0,0
402,67,189.049,0,0.839,0.902,1,-3.612,0,0.0536,0.0868,0.00257,0.272,0.639,114.953,4,0,0,0,0,0,0,0,0,1,0,0,0,0,0,0
403,61,187.0,0,0.807,0.767,0,-3.643,1,0.0777,0.0308,0.0,0.285,0.855,110.994,4,0,0,1,0,0,0,0,0,0,0,0,0,0,0,0
404,58,175.375,0,0.779,0.656,8,-5.711,1,0.0641,0.0142,0.0,0.217,0.802,121.938,4,0,0,0,0,0,1,0,0,0,0,0,0,0,0,0
405,66,197.746,0,0.691,0.859,1,-4.118,1,0.112,0.0302,0.0,0.165,0.541,124.958,4,0,0,0,0,0,0,0,1,0,0,0,0,0,0,0
406,56,185.944,0,0.678,0.827,7,-4.894,1,0.106,0.0103,1.39e-05,0.0372,0.556,179.972,4,0,0,0,0,0,1,0,0,0,0,0,0,0,0,0
407,69,181.76,0,0.695,0.896,5,-1.24,1,0.0847,0.179,0.0,0.0626,0.508,119.959,4,0,0,0,0,0,0,0,0,1,0,0,0,0,0,0
408,70,196.17,0,0.568,0.809,11,-3.869,0,0.0517,0.000253,3.33e-05,0.151,0.709,155.029,4,0,0,1,0,0,0,0,0,0,0,0,0,0,0,0
409,57,210.577,0,0.485,0.897,5,-2.383,0,0.0678,0.0184,0.0,0.296,0.649,78.851,4,0,1,0,0,0,0,0,0,0,0,0,0,0,0,0
410,63,195.855,0,0.704,0.787,0,-3.114,1,0.082,0.114,0.0,0.228,0.707,96.929,4,0,0,0,0,0,0,1,0,0,0,0,0,0,0,0
411,59,238.494,0,0.466,0.804,2,-4.009,0,0.0392,0.0573,0.0,0.432,0.352,154.901,4,0,1,0,0,0,0,0,0,0,0,0,0,0,0,0
412,55,210.268,0,0.563,0.902,11,-4.634,0,0.194,0.0184,5.2e-06,0.368,0.364,139.939,4,1,0,0,0,0,0,0,0,0,0,0,0,0,0,0
413,62,171.023,0,0.486,0.871,9,-4.475,0,0.337,0.0278,0.0,0.313,0.659,85.411,4,0,1,0,0,0,0,0,0,0,0,0,0,0,0,0
414,66,164.853,0,0.686,0.825,7,-3.192,1,0.0582,0.248,0.0,0.0761,0.603,90.053,4,0,0,0,0,0,0,0,0,0,0,1,0,0,0,0
415,63,203.933,0,0.624,0.86,1,-3.346,1,0.0387,0.0886,1.1e-05,0.123,0.447,99.968,4,0,0,0,0,0,0,0,1,0,0,0,0,0,0,0
416,61,209.493,0,0.703,0.845,11,-3.479,0,0.0682,0.0296,0.0,0.213,0.428,139.936,4,1,0,0,0,0,0,0,0,0,0,0,0,0,0,0
